,Manufacturer,Model,Estimate_Weight
0,Audi,100,3354.763827031246
1,Pontiac,Sunbird,2652.5132862592295
2,Chevrolet,Lumina,3057.0417285437466
3,Mazda,RX-7,3269.371880012728
4,Volkswagen,Fox,2242.3783020584474
